[
{
    "model": "app_sirene.contact",
    "pk": 1,
    "fields": {
        "email": "roger46@michaud.fr",
        "mobile": "5100535986",
        "firstname": "Sophie",
        "lastname": "Laporte",
        "is_active": true,
        "want_email": true,
        "want_sms": true,
        "comment": "Conseiller en s\u00e9jours"
    }
},
{
    "model": "app_sirene.contact",
    "pk": 2,
    "fields": {
        "email": "fredericroussel@carlier.fr",
        "mobile": "9184231971",
        "firstname": "Alexandria",
        "lastname": "Ruiz",
        "is_active": true,
        "want_email": false,
        "want_sms": false,
        "comment": "Professeur de musique et de danse"
    }
},
{
    "model": "app_sirene.contact",
    "pk": 3,
    "fields": {
        "email": "guilletaudrey@fernandez.com",
        "mobile": "8727511678",
        "firstname": "Zacharie",
        "lastname": "Guillaume",
        "is_active": true,
        "want_email": true,
        "want_sms": false,
        "comment": "Ing\u00e9nieur efficacit\u00e9 \u00e9nerg\u00e9tique du b\u00e2timent"
    }
},
{
    "model": "app_sirene.contact",
    "pk": 4,
    "fields": {
        "email": "chevallierrobert@breton.com",
        "mobile": "8196218487",
        "firstname": "Margaret",
        "lastname": "Gonzalez",
        "is_active": false,
        "want_email": false,
        "want_sms": false,
        "comment": "Pharmacien"
    }
},
{
    "model": "app_sirene.contact",
    "pk": 5,
    "fields": {
        "email": "morinpauline@couturier.fr",
        "mobile": "7388386009",
        "firstname": "Auguste",
        "lastname": "Diallo",
        "is_active": true,
        "want_email": true,
        "want_sms": true,
        "comment": "Aide m\u00e9dico-psychologique"
    }
},
{
    "model": "app_sirene.contact",
    "pk": 6,
    "fields": {
        "email": "suzanne75@voisin.fr",
        "mobile": "5427286262",
        "firstname": "Arthur",
        "lastname": "Renault",
        "is_active": false,
        "want_email": false,
        "want_sms": true,
        "comment": "Ing\u00e9nieur en informatique"
    }
},
{
    "model": "app_sirene.contact",
    "pk": 7,
    "fields": {
        "email": "simonefournier@chevallier.com",
        "mobile": "5524416254",
        "firstname": "Agn\u00e8s",
        "lastname": "Leleu",
        "is_active": true,
        "want_email": false,
        "want_sms": false,
        "comment": "Bio-informaticien"
    }
},
{
    "model": "app_sirene.contact",
    "pk": 8,
    "fields": {
        "email": "boulangereric@launay.com",
        "mobile": "8206557582",
        "firstname": "Aim\u00e9",
        "lastname": "Gilbert",
        "is_active": false,
        "want_email": false,
        "want_sms": false,
        "comment": "Agent artistique"
    }
},
{
    "model": "app_sirene.contact",
    "pk": 9,
    "fields": {
        "email": "leclercqaugustin@bailly.fr",
        "mobile": "9126250059",
        "firstname": "Fr\u00e9d\u00e9ric",
        "lastname": "Blot",
        "is_active": true,
        "want_email": false,
        "want_sms": true,
        "comment": "Photographe"
    }
},
{
    "model": "app_sirene.contact",
    "pk": 10,
    "fields": {
        "email": "alexandre15@henry.net",
        "mobile": "0685275702",
        "firstname": "Sabine",
        "lastname": "Pinto",
        "is_active": true,
        "want_email": true,
        "want_sms": true,
        "comment": "Consultant green IT"
    }
},
{
    "model": "app_sirene.contact",
    "pk": 11,
    "fields": {
        "email": "torresjacques@lemaire.fr",
        "mobile": "4341862589",
        "firstname": "\u00c9dith",
        "lastname": "Mercier",
        "is_active": false,
        "want_email": false,
        "want_sms": true,
        "comment": "Arboriculteur"
    }
},
{
    "model": "app_sirene.contact",
    "pk": 12,
    "fields": {
        "email": "olivier82@marion.com",
        "mobile": "8228533074",
        "firstname": "Anastasie",
        "lastname": "Torres",
        "is_active": true,
        "want_email": true,
        "want_sms": true,
        "comment": "Technicien de forge"
    }
},
{
    "model": "app_sirene.contact",
    "pk": 13,
    "fields": {
        "email": "guilloudorothee@lemoine.org",
        "mobile": "8269961963",
        "firstname": "William",
        "lastname": "Ledoux",
        "is_active": false,
        "want_email": true,
        "want_sms": true,
        "comment": "Botaniste"
    }
},
{
    "model": "app_sirene.contact",
    "pk": 14,
    "fields": {
        "email": "constance50@delmas.fr",
        "mobile": "6065124018",
        "firstname": "Olivie",
        "lastname": "Carpentier",
        "is_active": true,
        "want_email": true,
        "want_sms": true,
        "comment": "Microtechnicien"
    }
},
{
    "model": "app_sirene.contact",
    "pk": 15,
    "fields": {
        "email": "didiermatthieu@chauvin.org",
        "mobile": "2912571444",
        "firstname": "Marthe",
        "lastname": "Perrot",
        "is_active": false,
        "want_email": false,
        "want_sms": true,
        "comment": "Guide de haute montagne"
    }
},
{
    "model": "app_sirene.contact",
    "pk": 16,
    "fields": {
        "email": "vmarechal@perez.net",
        "mobile": "7596328867",
        "firstname": "Julie",
        "lastname": "Laporte",
        "is_active": true,
        "want_email": false,
        "want_sms": true,
        "comment": "Administrateur de logiciels de laboratoire"
    }
},
{
    "model": "app_sirene.contact",
    "pk": 17,
    "fields": {
        "email": "mweiss@courtois.fr",
        "mobile": "1762991806",
        "firstname": "Olivier",
        "lastname": "Pinto",
        "is_active": true,
        "want_email": false,
        "want_sms": false,
        "comment": "Assistant de gestion en PME"
    }
},
{
    "model": "app_sirene.contact",
    "pk": 18,
    "fields": {
        "email": "duvalauguste@besson.fr",
        "mobile": "7783961196",
        "firstname": "Alain",
        "lastname": "Schmitt",
        "is_active": false,
        "want_email": false,
        "want_sms": true,
        "comment": "Tailleur"
    }
},
{
    "model": "app_sirene.contact",
    "pk": 19,
    "fields": {
        "email": "olefebvre@ferrand.com",
        "mobile": "0585202926",
        "firstname": "Lorraine",
        "lastname": "Humbert",
        "is_active": true,
        "want_email": false,
        "want_sms": false,
        "comment": "Ing\u00e9nieur production en m\u00e9canique"
    }
},
{
    "model": "app_sirene.contact",
    "pk": 20,
    "fields": {
        "email": "athomas@poirier.net",
        "mobile": "6518914325",
        "firstname": "Virginie",
        "lastname": "Dijoux",
        "is_active": false,
        "want_email": true,
        "want_sms": false,
        "comment": "Urbaniste"
    }
},
{
    "model": "app_sirene.contactgroup",
    "pk": 1,
    "fields": {
        "name": "n/a",
        "description": "aucun - non d\u00e9fini",
        "contacts": []
    }
},
{
    "model": "app_sirene.contactgroup",
    "pk": 2,
    "fields": {
        "name": "GRP_Office365",
        "description": "Gestionnaire des \u00e9v\u00e9nements Office 365",
        "contacts": [
            2,
            5,
            20
        ]
    }
},
{
    "model": "app_sirene.contactgroup",
    "pk": 3,
    "fields": {
        "name": "GRP_Reseau",
        "description": "Equipes r\u00e9seau LAN/WAN",
        "contacts": [
            3,
            6,
            8,
            11,
            14,
            16,
            17,
            18
        ]
    }
},
{
    "model": "app_sirene.contactgroup",
    "pk": 4,
    "fields": {
        "name": "GRP_Paris",
        "description": "Site de Paris",
        "contacts": [
            3,
            4,
            7,
            9,
            10
        ]
    }
},
{
    "model": "app_sirene.contactgroup",
    "pk": 5,
    "fields": {
        "name": "GRP_Bordeaux",
        "description": "Equipes bordelaises.",
        "contacts": [
            2,
            4,
            15,
            19
        ]
    }
},
{
    "model": "app_sirene.contactgroup",
    "pk": 6,
    "fields": {
        "name": "GRP_Test",
        "description": "Groupe de test",
        "contacts": [
            1,
            3,
            6,
            13,
            14,
            15,
            16,
            17,
            19
        ]
    }
},
{
    "model": "app_sirene.contactgroup",
    "pk": 7,
    "fields": {
        "name": "GRP_Lyon",
        "description": "Sites de Lyon et sa r\u00e9gion",
        "contacts": [
            1,
            8,
            15,
            18,
            19
        ]
    }
},
{
    "model": "app_sirene.contactgroup",
    "pk": 8,
    "fields": {
        "name": "GRP_Bresil",
        "description": "contacts d'am\u00e9rique du sud.",
        "contacts": [
            1,
            4,
            5,
            17,
            20
        ]
    }
},
{
    "model": "app_sirene.contactgroup",
    "pk": 9,
    "fields": {
        "name": "GRP_ERP_BI",
        "description": "Groupe en charge de l'ERP et de la BI",
        "contacts": [
            3,
            7,
            8,
            11,
            14,
            16,
            17,
            18
        ]
    }
},
{
    "model": "app_sirene.contactgroup",
    "pk": 10,
    "fields": {
        "name": "GRP_Urgence",
        "description": "groupe des intervenants urgentistes",
        "contacts": [
            3,
            5,
            6,
            7,
            12,
            15,
            16
        ]
    }
},
{
    "model": "app_sirene.contactgroup",
    "pk": 11,
    "fields": {
        "name": "GRP_Transfert",
        "description": "Equipe assurant le transfert d'information.",
        "contacts": [
            3,
            5,
            8,
            9,
            10,
            14,
            17,
            19
        ]
    }
},
{
    "model": "app_sirene.site",
    "pk": 1,
    "fields": {
        "name": "n/a",
        "description": "aucun - non d\u00e9fini"
    }
},
{
    "model": "app_sirene.site",
    "pk": 2,
    "fields": {
        "name": "BDX",
        "description": "Bordeaux"
    }
},
{
    "model": "app_sirene.site",
    "pk": 3,
    "fields": {
        "name": "LYO",
        "description": "Lyon"
    }
},
{
    "model": "app_sirene.site",
    "pk": 4,
    "fields": {
        "name": "75PAR",
        "description": "Paris"
    }
},
{
    "model": "app_sirene.site",
    "pk": 5,
    "fields": {
        "name": "93DEN",
        "description": "Seine Saint Denis"
    }
},
{
    "model": "app_sirene.site",
    "pk": 6,
    "fields": {
        "name": "NYK",
        "description": "New York"
    }
},
{
    "model": "app_sirene.site",
    "pk": 7,
    "fields": {
        "name": "BOJ",
        "description": "Clinique du Beaujolais (Polyclinique, 69)"
    }
},
{
    "model": "app_sirene.site",
    "pk": 8,
    "fields": {
        "name": "HQBAT",
        "description": "HeadQuarters Bat"
    }
},
{
    "model": "app_sirene.site",
    "pk": 9,
    "fields": {
        "name": "42STE",
        "description": "Saint Etienne"
    }
},
{
    "model": "app_sirene.service",
    "pk": 1,
    "fields": {
        "name": "n/a",
        "description": "aucun - non d\u00e9fini"
    }
},
{
    "model": "app_sirene.service",
    "pk": 2,
    "fields": {
        "name": "LAN-WAN",
        "description": "R\u00e9seau LAN/WAN"
    }
},
{
    "model": "app_sirene.service",
    "pk": 3,
    "fields": {
        "name": "O365",
        "description": "Office365, Messagerie, Skype, Sharepoint extranet"
    }
},
{
    "model": "app_sirene.service",
    "pk": 4,
    "fields": {
        "name": "ERP",
        "description": "Syst\u00e8me central ERP"
    }
},
{
    "model": "app_sirene.service",
    "pk": 5,
    "fields": {
        "name": "CAV",
        "description": "Site web de d\u00e9monstration des outils Cavaliba"
    }
},
{
    "model": "app_sirene.service",
    "pk": 6,
    "fields": {
        "name": "AD",
        "description": "Annuaire Active Directory"
    }
},
{
    "model": "app_sirene.service",
    "pk": 7,
    "fields": {
        "name": "SIRH",
        "description": "SI Ressources Humaines"
    }
},
{
    "model": "app_sirene.service",
    "pk": 8,
    "fields": {
        "name": "INTERNET",
        "description": "Liaisons d'acc\u00e8s \u00e0 Internet"
    }
},
{
    "model": "app_sirene.service",
    "pk": 9,
    "fields": {
        "name": "QLIK",
        "description": "BI Qkliview"
    }
},
{
    "model": "app_sirene.service",
    "pk": 10,
    "fields": {
        "name": "GAP",
        "description": "Gestion Administrative des Personnes"
    }
},
{
    "model": "app_sirene.service",
    "pk": 11,
    "fields": {
        "name": "GRC",
        "description": "Gestion de la relation client"
    }
},
{
    "model": "app_sirene.info",
    "pk": 1,
    "fields": {
        "category": 1,
        "title": "Incident R\u00e9seau",
        "status": 2,
        "priority": 1,
        "start": "2020-01-19T14:14:24Z",
        "duration": 30,
        "downtime": 30,
        "detail": "Panne du r\u00e9seau. \r\nInvestigations en cours.",
        "send_email": true,
        "send_sms": true,
        "is_template": true,
        "template_name": "MODELE_01_Incident_Reseau",
        "author": "PCA",
        "visible": true,
        "created_on": "2020-01-19T14:15:40.777Z",
        "updated_on": "2020-01-19T14:18:29.966Z",
        "services": [
            4,
            2,
            7
        ],
        "sites": [
            9,
            2,
            3
        ],
        "notify_groups": [
            9,
            3
        ]
    }
},
{
    "model": "app_sirene.info",
    "pk": 2,
    "fields": {
        "category": 2,
        "title": "Mise \u00e0 jour Mensuelle ERP",
        "status": 1,
        "priority": 3,
        "start": "2020-01-19T14:18:35Z",
        "duration": 15,
        "downtime": 15,
        "detail": "Application des correctifs.",
        "send_email": true,
        "send_sms": false,
        "is_template": true,
        "template_name": "MODELE_02 Maintenance ERP",
        "author": "PPR",
        "visible": true,
        "created_on": "2020-01-19T14:19:31.415Z",
        "updated_on": "2020-01-19T14:19:31.415Z",
        "services": [
            4
        ],
        "sites": [
            9,
            4,
            5,
            2,
            7,
            8,
            3,
            6
        ],
        "notify_groups": [
            9,
            7
        ]
    }
},
{
    "model": "app_sirene.info",
    "pk": 3,
    "fields": {
        "category": 1,
        "title": "Panne du r\u00e9seau national",
        "status": 2,
        "priority": 2,
        "start": "2020-01-19T14:19:45Z",
        "duration": 30,
        "downtime": 30,
        "detail": "Panne du r\u00e9seau. \r\nInvestigations en cours.",
        "send_email": true,
        "send_sms": false,
        "is_template": false,
        "template_name": "",
        "author": "AVE",
        "visible": true,
        "created_on": "2020-01-19T14:20:02.763Z",
        "updated_on": "2020-01-19T14:28:40.951Z",
        "services": [
            4,
            2,
            7
        ],
        "sites": [
            9,
            2,
            3
        ],
        "notify_groups": [
            9,
            3
        ]
    }
},
{
    "model": "app_sirene.info",
    "pk": 4,
    "fields": {
        "category": 1,
        "title": "Ancien Incident Office",
        "status": 3,
        "priority": 3,
        "start": "2019-01-19T14:20:25Z",
        "duration": 0,
        "downtime": 0,
        "detail": "Incident Microsoft.",
        "send_email": true,
        "send_sms": true,
        "is_template": false,
        "template_name": "",
        "author": "Tom",
        "visible": true,
        "created_on": "2020-01-19T14:21:12.450Z",
        "updated_on": "2020-01-19T14:21:12.602Z",
        "services": [
            6,
            3
        ],
        "sites": [
            8
        ],
        "notify_groups": [
            2
        ]
    }
},
{
    "model": "app_sirene.info",
    "pk": 5,
    "fields": {
        "category": 2,
        "title": "Mise \u00e0 jour Mensuelle ERP",
        "status": 1,
        "priority": 3,
        "start": "2020-03-19T14:00:51Z",
        "duration": 15,
        "downtime": 15,
        "detail": "Application des correctifs.",
        "send_email": true,
        "send_sms": false,
        "is_template": false,
        "template_name": "",
        "author": "Tom",
        "visible": true,
        "created_on": "2020-01-19T14:22:10.431Z",
        "updated_on": "2020-01-19T14:22:38.136Z",
        "services": [
            4
        ],
        "sites": [
            9,
            4,
            2,
            8,
            3
        ],
        "notify_groups": [
            9,
            7
        ]
    }
},
{
    "model": "app_sirene.info",
    "pk": 6,
    "fields": {
        "category": 3,
        "title": "Bienvenue \u00e0 John",
        "status": 2,
        "priority": 0,
        "start": "2020-01-19T14:22:46Z",
        "duration": 0,
        "downtime": 0,
        "detail": "John Smith a rejoint les \u00e9quipes du marketting la semaine derniere.",
        "send_email": false,
        "send_sms": false,
        "is_template": false,
        "template_name": "",
        "author": "MTO",
        "visible": true,
        "created_on": "2020-01-19T14:23:33.093Z",
        "updated_on": "2020-01-19T14:24:05.353Z",
        "services": [
            1
        ],
        "sites": [
            6
        ],
        "notify_groups": [
            1
        ]
    }
},
{
    "model": "app_sirene.info",
    "pk": 7,
    "fields": {
        "category": 1,
        "title": "lenteurs ERP",
        "status": 2,
        "priority": 3,
        "start": "2020-01-19T14:24:50Z",
        "duration": 0,
        "downtime": 0,
        "detail": "",
        "send_email": true,
        "send_sms": false,
        "is_template": false,
        "template_name": "",
        "author": "CCG",
        "visible": true,
        "created_on": "2020-01-19T14:25:19.574Z",
        "updated_on": "2020-01-19T14:25:19.827Z",
        "services": [
            4
        ],
        "sites": [
            4,
            5
        ],
        "notify_groups": [
            9,
            3
        ]
    }
}
]
